handle,media_url
1010374_Dusty,"https://drive.google.com/open?id=1Rzd0Krks2wiphJcf5Or6jnUdv_UI5-R5&usp=drive_copy, https://drive.google.com/open?id=1nemDsfAJs8yfiWBRi8XjkUk0D7fMxSKn&usp=drive_copy, https://drive.google.com/open?id=11Y1TpWlIH-0_NsJTSD6A7sOzMp5ut7ZJ&usp=drive_copy, https://drive.google.com/open?id=1OwUA_LPov2-qtXTvKPNEpvQVXhLcoXBy&usp=drive_copy, https://drive.google.com/open?id=1xGq7EkK_ePYpFwAfnkWMIJVLbYnKpvDx&usp=drive_copy, https://drive.google.com/open?id=1zWvD0HGwi-gnh4VqPCvxztCt8Z2F2seo&usp=drive_copy, https://drive.google.com/open?id=1lyvFCC6gbK_XeeIkYSWWPuFIlsQPkHMd&usp=drive_copy"
1010373_Lavender,"https://drive.google.com/open?id=1U7flIRsUohmMUBqEu1qTSfYSoz7dpnGd&usp=drive_copy, https://drive.google.com/open?id=1ydpUltkwfkh2JsAkDd2QrQVgvUf50x2d&usp=drive_copy, https://drive.google.com/open?id=1OZ9Aw64WRQlVB5XGY-b1XHVGnsqw9uqK&usp=drive_copy, https://drive.google.com/open?id=13hKqVblmIQjjC54FZNGO9hAMpQhntqXx&usp=drive_copy, https://drive.google.com/open?id=1Nsugj9AvjxFvJ0z4PZ-wIJ2xJB8m8FGO&usp=drive_copy, https://drive.google.com/open?id=1mvJriDC_6I79LfGUjel_H8FRZDCjqkiB&usp=drive_copy"
1010372_Pista,"https://drive.google.com/open?id=1oONzXFN7v4zuPXnUSEBWvOaen5mHvRXE&usp=drive_copy, https://drive.google.com/open?id=1oaQ93nSFoptHwWAcDROBEEjXwxMPaUbO&usp=drive_copy, https://drive.google.com/open?id=1_CgpeOc0GSBFLJ8mqQukFMoxRBF8rV84&usp=drive_copy, https://drive.google.com/open?id=1G4VajPPF5mlGR9NvOQhx1_r_hH1ZBYUm&usp=drive_copy, https://drive.google.com/open?id=1Vl8wV9LNS0LufDZtUxkMhOAGL_TkOeJT&usp=drive_copy, https://drive.google.com/open?id=1zQU_ZVX2Ho37rpfUl2vGwf38prn95n8W&usp=drive_copy"
1010371_Sky,"https://drive.google.com/open?id=1p4r15RQIgdvZev1GGssXIdzzd3eLC0KT&usp=drive_copy, https://drive.google.com/open?id=1c7Z3f6exxRVARmv47JZla3uMt-gEaH3C&usp=drive_copy, https://drive.google.com/open?id=1qWEMgKR-DinDE9-OLfHCEGlWVY7mDQl4&usp=drive_copy, https://drive.google.com/open?id=1q_QJHUSubebE1rX7cwCLYtbGBU0EO8nE&usp=drive_copy, https://drive.google.com/open?id=1zSCMKYBDsqWNHrIOvdptPAit-Hq03NdI&usp=drive_copy"
1010370_Lavender,"https://drive.google.com/open?id=11We1vdgFf4Gxcj2rK-hQuWrNQ5Srr8Rk&usp=drive_copy, https://drive.google.com/open?id=12AiYq5wZgIsc8gE3_B1mGXu5eWN1c1-0&usp=drive_copy, https://drive.google.com/open?id=1ZCcoZC7If_QZ3VcIeQ1cULom4c5Txzhb&usp=drive_copy, https://drive.google.com/open?id=1DOUB0CkSeQ8MBTL4VIIsjvNa4AfGbw53&usp=drive_copy, https://drive.google.com/open?id=1yhOtg9BA4NOUB2WblwihVSokJCrRl0yv&usp=drive_copy"
1010369_Sea Green,"https://drive.google.com/open?id=1coEhgbahkKGlnt1zWZ8nid1ZjE_so56f&usp=drive_copy, https://drive.google.com/open?id=1WEVB5F-6VrKKmoSxRfpO577k7YFVw6x7&usp=drive_copy, https://drive.google.com/open?id=1LWB2gERpNr5MeNDLxquc54yvufsYk0qp&usp=drive_copy, https://drive.google.com/open?id=1f4lw1e-nrq-2qm_kQ7RgnHwTlxpg3UBy&usp=drive_copy"
1010368_Dusty,"https://drive.google.com/open?id=1lsy2fCcffIOfpAHjXG96YxbixljN8Xuu&usp=drive_copy, https://drive.google.com/open?id=1qRl2wdhCSk01oFVEBruAInq7IC7PWAaP&usp=drive_copy, https://drive.google.com/open?id=1avcIWKpfOkAASkpONLmrV3q0b8uGRqbO&usp=drive_copy, https://drive.google.com/open?id=1hZP28iXmT5a7XUZU3k-oHRAzOGgfg_gZ&usp=drive_copy, https://drive.google.com/open?id=1uJv7kVjHFe53B9HkyJXlugRHBfBuxo6d&usp=drive_copy, https://drive.google.com/open?id=1fSNow1IvEnQJefOKiSK1i1YiiO_v5nRU&usp=drive_copy, https://drive.google.com/open?id=1deeYtGjXI0cNtIECNUouSKn4BnD9tYPN&usp=drive_copy, https://drive.google.com/open?id=1Z2GWFxImkaNzfltGTPAw2UJ26ij0Clss&usp=drive_copy, https://drive.google.com/open?id=1UehxGiPZvdgsTNKdYtkBXEqpkGPDR84e&usp=drive_copy, https://drive.google.com/open?id=1DPrYXaF_vcuydf5N8e3n1HYTdiMgbIBn&usp=drive_copy"
1010367_Purple,"https://drive.google.com/open?id=1Qr5_An9mQLOI4hcNJ9_wniXakZdBxNZl&usp=drive_copy, https://drive.google.com/open?id=1TNPcwvvx5fM6DbkYR0reZtTmqLBKyRVq&usp=drive_copy, https://drive.google.com/open?id=1nF1uJToIdd4vFlMYSLmuoRgzjeFpamR9&usp=drive_copy, https://drive.google.com/open?id=1AIPLla7SCyTiV8UG8JO8X4LsKMj75Aq2&usp=drive_copy, https://drive.google.com/open?id=1MsiL5sF9FqQJ1-JAB2y23h1xihW56sUC&usp=drive_copy"
1010366_Red,"https://drive.google.com/open?id=1jBV3iGczB2wVBuoOrrOQBz9JzT7AUp-v&usp=drive_copy, https://drive.google.com/open?id=18jKq2uslUsxXI-smU1f2StvDN2pNfHMf&usp=drive_copy, https://drive.google.com/open?id=11-ZEaSxiifzMPgBeEG7Mw7LMaxo-EGHH&usp=drive_copy"
1010366_Green,"https://drive.google.com/open?id=1jgH4CawtgssxI1O_zY-VRTIfnR5DMBu1&usp=drive_copy, https://drive.google.com/open?id=1rPf8ojblGR_v8NHjgR1NIGL3hAIlOr4a&usp=drive_copy, https://drive.google.com/open?id=1jdwD_I_p36Yvc8-66I3109FeFHuL4L5i&usp=drive_copy, https://drive.google.com/open?id=19XAPz_RHNKvCOC07F6FrUjLh_7DSXm7b&usp=drive_copy, https://drive.google.com/open?id=17Ub8yQ6VAkbPILy9DtdNxHfQG9_96P7P&usp=drive_copy"
1010366_Black,"https://drive.google.com/open?id=1uPT0NyueSn-ygQqD5fBSkUq-r6aRwKX9&usp=drive_copy, https://drive.google.com/open?id=15ZBWEN11xs0E7qVjGJec7PbmS4RySuJU&usp=drive_copy, https://drive.google.com/open?id=1Gvv_v2JJgH2afWR1g-8nhosPCuhLTy5g&usp=drive_copy"
1010365_Pink,"https://drive.google.com/open?id=1BCay_OjmRkA4zJVmGjd4JQrTsVw6y8iA&usp=drive_copy, https://drive.google.com/open?id=1sG2d_enCuv_nhC_C2EdKLbcMeMyWdat6&usp=drive_copy, https://drive.google.com/open?id=110L2zlAMF39V4bWNlmw7SdZlbd7dfrAV&usp=drive_copy, https://drive.google.com/open?id=1-Pgo01QLHOHz1of51F2f0MEptnkX_UTM&usp=drive_copy, https://drive.google.com/open?id=1VDNekzP6pzeCfSvjQyIhXrIR2tMt_nm7&usp=drive_copy, https://drive.google.com/open?id=1phsWX3oYI-3bk7eizAayL_6i4wDkmmWi&usp=drive_copy, https://drive.google.com/open?id=1XlLtJZPxhpbEzVRJbHteRw6ZWGA8rhY1&usp=drive_copy"
1010364_Brown,"https://drive.google.com/open?id=1uBYulkw9oJEDLSE8Q-n0TaPD1VB1J_a6&usp=drive_copy, https://drive.google.com/open?id=1di6trj7DIPmVjUDu4NW5_UtV6vxX2k8t&usp=drive_copy, https://drive.google.com/open?id=1cutMDCmYBjFXVO0u-cPjLpkgJT9I1X87&usp=drive_copy, https://drive.google.com/open?id=1eBRveojKvVX0UFnGwdnjNhvgHwzpPvB1&usp=drive_copy, https://drive.google.com/open?id=1-uWZvLFLvUmUQybFdUpFB5hNRoHs82Go&usp=drive_copy, https://drive.google.com/open?id=1InB2lfbcEFOhgoa-eByzyhUeG9Mu4xhC&usp=drive_copy"
1010363_Bridal,"https://drive.google.com/open?id=1ULoN4ty3K6nHvzAEXrsiUznbjePiAeFM&usp=drive_copy, https://drive.google.com/open?id=1hgLg8LZ5lW7Ak3krrTOqi0uH201-HkA8&usp=drive_copy, https://drive.google.com/open?id=1t6UwQkZYVcWB6GLfg1nYvoaanEKMMdz9&usp=drive_copy, https://drive.google.com/open?id=1aKBv9rTF72YckLVbUIM0ZRQ5YEqKdHC3&usp=drive_copy, https://drive.google.com/open?id=1PVfHCD3gxMr9p53TNxwn5fKjaE6oxINl&usp=drive_copy, https://drive.google.com/open?id=1X5lIjbRWLRwLJRiTembELreF7mFg47Pf&usp=drive_copy, https://drive.google.com/open?id=19YfkV7bTrlnBkySn3VP9PF0y7KLUWcq8&usp=drive_copy"
1010362_Multi,"https://drive.google.com/open?id=1_sPb7ynQJpg4tpygEX-P94Tb9tsMtKQw&usp=drive_copy, https://drive.google.com/open?id=1BnK9so8CIAo_cOEOGPdHDRHj6GbG9ALP&usp=drive_copy, https://drive.google.com/open?id=1kgX3Cgl00lMcYPNeqIfgW9itceznZzh5&usp=drive_copy, https://drive.google.com/open?id=1cGiLRAuq2w97tBSSSfqI46sNg-GtifFj&usp=drive_copy, https://drive.google.com/open?id=1jd6fHvzcB1PR_-omT23wTy5997syvK2R&usp=drive_copy, https://drive.google.com/open?id=1ZqMKekOlODcs_zosVMbMzOoB9grkhDY8&usp=drive_copy, https://drive.google.com/open?id=16gHZqqFW5budhhexY3kjExBvz6hIxgL3&usp=drive_copy, https://drive.google.com/open?id=1kF6kTKv5YYbs0L4_zxNiGbIW8_hQzNlx&usp=drive_copy"
1010361_FP,"https://drive.google.com/open?id=16oTEAxvuwgcy1Tx0ogO3b7hCbv24HBXq&usp=drive_copy, https://drive.google.com/open?id=15ur3ydFMbc_xMP5jZUGYt9Vqd-fTt426&usp=drive_copy, https://drive.google.com/open?id=1-1nW8WprGyjGDQJ3H_AERlQX-elrrizI&usp=drive_copy, https://drive.google.com/open?id=1cQ1Z1XOijRJyrKQwOcV6rNTvh2_ImXei&usp=drive_copy, https://drive.google.com/open?id=1QNjGkot36VuOgN6ic8SaBMIIwIOpO1xk&usp=drive_copy, https://drive.google.com/open?id=1EIJh4fTt8BfdHV4Ah8EUxssvWlLYduUX&usp=drive_copy, https://drive.google.com/open?id=17wv3e9mXrYLPE9sNJPuzLIYn6Voa0DHu&usp=drive_copy"
1010360_Pink,"https://drive.google.com/open?id=12Q2eNknEq0SscGEyg_cpWiVqEMH48Rfv&usp=drive_copy, https://drive.google.com/open?id=18bFJu-gVPtNKHAeDXwmPHCbklSC5Ug0g&usp=drive_copy, https://drive.google.com/open?id=1yZSjRHVVK85pi_18OGSv8Z4cEmyrWq2n&usp=drive_copy, https://drive.google.com/open?id=1Nty1Db8Gav-Udw1_T1Ja8iG9Aha7jUtW&usp=drive_copy, https://drive.google.com/open?id=19-ZKIkLiVYZwiRZvisISpkSK89L4nuWp&usp=drive_copy, https://drive.google.com/open?id=1ZgMO8u5kBGPV40zPg9YoTMp6aA8eGZ52&usp=drive_copy, https://drive.google.com/open?id=1zfmv6BmG3rPbGVTEJm7KU9rjkcv0OpGE&usp=drive_copy"
1010359_DD,"https://drive.google.com/open?id=1yKKkAxINE1OoTJOfvOI_moF5d7CZKuEb&usp=drive_copy, https://drive.google.com/open?id=1zDyLV6R1vp3t_b0f-ceqrbhdQb27RVLv&usp=drive_copy, https://drive.google.com/open?id=1pEvTJ-rrT79wnBbBKj6cyDDFxm4lHAhG&usp=drive_copy, https://drive.google.com/open?id=1HWQxyY1Gs3N1YLyzgLdaM1wlDYszasFk&usp=drive_copy, https://drive.google.com/open?id=1xyJeGMMNPRixP0WMpXmIr1ak-cJeo-gx&usp=drive_copy, https://drive.google.com/open?id=1i4D-KR7vl60jlAWgzWTSpLoW9e4oLOMr&usp=drive_copy, https://drive.google.com/open?id=17OWb39NKRgGdUfjhov1FR1wRO55NZ8R7&usp=drive_copy"
1010358_Haldi,"https://drive.google.com/open?id=1PrVv2k18Wz2JGQJTLLWCxvcB6GUPFdUF&usp=drive_copy, https://drive.google.com/open?id=15e_f5Ymuu5mTcufQIzf9pettshzAU429&usp=drive_copy, https://drive.google.com/open?id=1IhC8MhdBpYm7DfPTcozu0DYFqDRnlbZI&usp=drive_copy, https://drive.google.com/open?id=1NkZv6WNyFcP54Wj7l-b8w4nTbJrtWSaB&usp=drive_copy, https://drive.google.com/open?id=1Vk1iNjhzksMWtCK5-71KTgM8XLqfeRji&usp=drive_copy, https://drive.google.com/open?id=11FUsRgecea2jg9TkiZ73UiAIHB5IgW36&usp=drive_copy"
1010357_Purple Print,"https://drive.google.com/open?id=1vkWJwJSj37O1uepyKbIcKpwkfBoHvfRM&usp=drive_copy, https://drive.google.com/open?id=10yzv8gFt7T26ph_ss4leur77B2YBStJU&usp=drive_copy, https://drive.google.com/open?id=1bNOF2jSYnfCQpyNQt7Q_kgyc3s-srcp-&usp=drive_copy, https://drive.google.com/open?id=1VBuFKHea-BpxhSzxiRXImuLWeii_XxVF&usp=drive_copy, https://drive.google.com/open?id=1_XqZzN1MZkUNCCwdRSckE5rbbwUZ_O-C&usp=drive_copy, https://drive.google.com/open?id=1g6VJLJAaK6STbUw3PQ63v2LfoqZCbZOG&usp=drive_copy, https://drive.google.com/open?id=1bh3gaEekj8qdpBKso0BBsWr5AgIe4AgL&usp=drive_copy"
1010356_Yellow,"https://drive.google.com/open?id=1mm0BB7d1lBR6UxNah4vC7-ON2B0BaiW2&usp=drive_copy, https://drive.google.com/open?id=1RO5prn1PEc7E4B31ZB0hd5iKIUkqg2mI&usp=drive_copy, https://drive.google.com/open?id=1HJ4g_t7SMWYjMK1vYCV02AwQYLzRCcbJ&usp=drive_copy, https://drive.google.com/open?id=1hWkkE2SUuIDMlDwA_KO7dkYytbUrkViH&usp=drive_copy, https://drive.google.com/open?id=1-6StWDjkZXkJrvpCM3Y2KUXYb2dGB7my&usp=drive_copy, https://drive.google.com/open?id=1puWlFfTI1nGkVVm8-Ny-baj1n8rMEHtC&usp=drive_copy, https://drive.google.com/open?id=1jBh9GgIp_sQ2Fy3Xu6oC9_Kyt1UMW8n1&usp=drive_copy"
1010355_Black,"https://drive.google.com/open?id=1TbKoF-4-hQjNqlxfJVZUX8sGiiYBTmyu&usp=drive_copy, https://drive.google.com/open?id=1tkymWenPGWWxPNyIsr2XVof3iHlL6miT&usp=drive_copy, https://drive.google.com/open?id=1FkaplRht9I0Cadq-nWT0NNsR7RtHi7B6&usp=drive_copy, https://drive.google.com/open?id=13741hB0jv3IGftzDNM-EPSukcFM0I66o&usp=drive_copy, https://drive.google.com/open?id=1pHxiS-_9KbnYPYwN69KMdLMkoh9_5wZx&usp=drive_copy, https://drive.google.com/open?id=1xmdOorMk2BJhzeYc_Ow1Ql3XxqdLLlim&usp=drive_copy, https://drive.google.com/open?id=1ES_mp-P2FY_VufcyGIrc4qgd1aLqwPg4&usp=drive_copy"
1010354_Gprint,"https://drive.google.com/open?id=1YpdSwmIy039kr09up75POXDMn7j7pZjS&usp=drive_copy, https://drive.google.com/open?id=1ds7q1zL1s8ZYn1bFEwCNZ_m9ICejy1z5&usp=drive_copy, https://drive.google.com/open?id=1H2Zra2eQhUEcS267Zxoxii7aQBApt-7J&usp=drive_copy, https://drive.google.com/open?id=1qQdAa6iYQMApQZV1FQqf-cABq4lk5Q7s&usp=drive_copy, https://drive.google.com/open?id=1eXszskH7SAoRhEJSIMbx5ThrqBzNVnws&usp=drive_copy, https://drive.google.com/open?id=1EDm1wmj9vIZJY7vR1dqXFp3_exdy9c4Z&usp=drive_copy, https://drive.google.com/open?id=1iwS6OWoomB9tSQdj0QxZwwvD1sUebd_f&usp=drive_copy, https://drive.google.com/open?id=1U313bYj3nWAqDNtk5tNVeXvqOMMC85gT&usp=drive_copy"
1010353_Blue,"https://drive.google.com/open?id=132t0bm8ewNsaG_yFCHkpofWk2vhdnig9&usp=drive_copy, https://drive.google.com/open?id=1qA2981g4db2hlyES4cc7tIgRCulNLPz5&usp=drive_copy, https://drive.google.com/open?id=1dYwUotpgZHyVYJWHXeb3mJ4wYqjSzJlk&usp=drive_copy, https://drive.google.com/open?id=1-JwJCZtFQL0eE1vH18KSMoTHtCzCclLT&usp=drive_copy, https://drive.google.com/open?id=1he6jh9-JBsf8Be0ePF8aTjrTgyyOnVip&usp=drive_copy, https://drive.google.com/open?id=142Qge6864R6NLuN4I_8MFc7GJcVPYRRz&usp=drive_copy, https://drive.google.com/open?id=1AaMSDNZh8eczrPgwW5W9Ix2H_HGCXSum&usp=drive_copy"
1010353_Rama,"https://drive.google.com/open?id=1CLbwF9jM1JatDoe_tN0nW58IvMAs_JrZ&usp=drive_copy, https://drive.google.com/open?id=1xQCO7T2sPrDaYoEU2Ngany6UcsRfgPuK&usp=drive_copy, https://drive.google.com/open?id=1ZeB_2Yqch4Su7TDRFaJG8R6vs_jNbBUS&usp=drive_copy, https://drive.google.com/open?id=1IO9m4RiLZXOJJrz7fZu9Dl9cq5P9xDaa&usp=drive_copy"
1010353_Balck,"https://drive.google.com/open?id=1f-8v9P8sKRlvH5klnesMme58KjMCDRaw&usp=drive_copy, https://drive.google.com/open?id=1_UPBbWR7nwL5rTT1cbEYWb8fKQmWvp2H&usp=drive_copy, https://drive.google.com/open?id=1d90OoqYJOn7_SbXPvuuccksNicCCHHv4&usp=drive_copy, https://drive.google.com/open?id=1UzrM1vI3-AUJxqCSsDgsKMYwUPoxcNSe&usp=drive_copy"
1010353_Brown,"https://drive.google.com/open?id=1-tejP6CFgJq8xDiM6VoOhWxugSksUiQj&usp=drive_copy, https://drive.google.com/open?id=1BdshefXwy1sUMivPYlQTr6SY-MLJ9-WX&usp=drive_copy, https://drive.google.com/open?id=1sywDUT-zXwzx95GDTPtyXh4Kv7N8uZEP&usp=drive_copy, https://drive.google.com/open?id=1fmhU5JgmlfpEmB1Ml0syeD0WUa6g0v6Y&usp=drive_copy, https://drive.google.com/open?id=16gLsefbI83EkiJbnBYQ2AwmCCd0RP4Ud&usp=drive_copy"
1010353_Pink,"https://drive.google.com/open?id=16ZgUnZnjAPq_IeI9cbilCuFSPyaKZd7v&usp=drive_copy, https://drive.google.com/open?id=1b6chxXJjo9IJgnKAvsRJG6Fpc-vUWq-C&usp=drive_copy, https://drive.google.com/open?id=1mKxwmt9M8q5LLMOaMnc6wMwEm3ff7IKj&usp=drive_copy, https://drive.google.com/open?id=1NJEhT08zXiHvmr7TVmM-AuKRfBiRQmdf&usp=drive_copy"
1010353_Maroon,"https://drive.google.com/open?id=1F20tvEtcOdmonaIqOj3agZbX2LoQnviW&usp=drive_copy, https://drive.google.com/open?id=1JVPtsFeaafZ3I2HIlEWqzKttmk1kpNYS&usp=drive_copy, https://drive.google.com/open?id=1ZDMVixXhSOuK8aHhUweIUiTGzeS4nLOR&usp=drive_copy, https://drive.google.com/open?id=1ZMQa2tk2vy241lKpNZSdz9rAUZXkJxVg&usp=drive_copy, https://drive.google.com/open?id=1AI-_r2OP-zFEO01_y8i5rBelv5CQOb5G&usp=drive_copy"
1010353_Orange,"https://drive.google.com/open?id=1vVLOON7CgmHOw9QXdhV_VGyenLS8bwkh&usp=drive_copy, https://drive.google.com/open?id=1hxnTsWsBxB_-o2FnYZ2ZUJgJW30-w-wj&usp=drive_copy, https://drive.google.com/open?id=12bVo2_R6SgnBoOLA9uFw8urLD3YNaBn2&usp=drive_copy, https://drive.google.com/open?id=1e36aKEeoP_lXabk8BXt77oQcQ2u6U1aN&usp=drive_copy"
1010353_Beige,"https://drive.google.com/open?id=1nQSgHmNaeEIcvj7u848aVavl7uvpu5bn&usp=drive_copy, https://drive.google.com/open?id=1TI-7tdgtiO6VuQTbzdNKA3ASr307N0oP&usp=drive_copy, https://drive.google.com/open?id=1mbaDqF7YtzapW4KYyFTE9rpnYW4YZ9wq&usp=drive_copy, https://drive.google.com/open?id=18AVwebZZnvCBxiiuhtiBUmn1aNVXx5Nc&usp=drive_copy"
1010352_Beige,"https://drive.google.com/open?id=1nMnNxi6Fr2kAZIqOlNzuygQ4TgctNNE4&usp=drive_copy, https://drive.google.com/open?id=1zncnpnE77lH4gkAyJKU1TukxDvas_YJ0&usp=drive_copy, https://drive.google.com/open?id=15NMYSh1f-egQ4IJZeYWYgcP091z9j5SA&usp=drive_copy, https://drive.google.com/open?id=1ZMpdifZhC7TIqFyatZ7DhH1yVjB1xoUN&usp=drive_copy, https://drive.google.com/open?id=1SZDnMYCiVgu0LiqEPZVzkyIpdmPrVtSK&usp=drive_copy, https://drive.google.com/open?id=1gx7wmqpn_nobYsgnPIsQh1tcrAgbMduR&usp=drive_copy, https://drive.google.com/open?id=1rV6oAJT7KN4JvZlOE_FjBA0qtQyewapI&usp=drive_copy"
1010351_PPrint,"https://drive.google.com/open?id=1pXwiSjlVxnzyn9YtJUSsZBaJ1_ECxFpp&usp=drive_copy, https://drive.google.com/open?id=1hX8zEsc2cp2opqxDPcJCffP26k2ajP5k&usp=drive_copy, https://drive.google.com/open?id=1v4KqOgiYtp3y-LYZxxLgtH5c0bWmXLV9&usp=drive_copy, https://drive.google.com/open?id=1Yv6WBpg2kGMkvzPCu0ud4r4jJRJhQ2IE&usp=drive_copy, https://drive.google.com/open?id=1sVy708_W-ZW3tS_mBspoSZqARnS36esv&usp=drive_copy, https://drive.google.com/open?id=1Mfd6r0pALcaKnfhsph_i7zp6XYBXZYO0&usp=drive_copy, https://drive.google.com/open?id=1EVg5LKz43PmpYO51r50cbobsMwEAw-U6&usp=drive_copy"
1010348_Pista,"https://drive.google.com/open?id=1tlSD4K7b5n9uiRPjsuKr8ZRh5_vezb2c&usp=drive_copy, https://drive.google.com/open?id=1O0g_al139PkXlX6QeCglbYbTQfFialU7&usp=drive_copy, https://drive.google.com/open?id=1awIpKPNQAou5sxQ-7j42UUNP0HUXHQc-&usp=drive_copy, https://drive.google.com/open?id=1FkQ-Sa0TrxZU22ex8F0vm2a9p4mnMMCc&usp=drive_copy, https://drive.google.com/open?id=1Ehk9XOOfj5ZtMMC82pdDSAKjVMCc4rPx&usp=drive_copy"
1010347_Purple,"https://drive.google.com/open?id=1Lwy6D0xy46kg-ocA1KJlTkeaNPtif-yq&usp=drive_copy, https://drive.google.com/open?id=1mcvn3BRTtXC4KN5ocJ6FndWu2nslyCrC&usp=drive_copy, https://drive.google.com/open?id=1T2NoBeSLDsx1vfsppdMUsxqlztW7qkHH&usp=drive_copy, https://drive.google.com/open?id=1NgRxoas1F8U_7yGwN9-idZFTAX1pyn0s&usp=drive_copy, https://drive.google.com/open?id=1SbKKWHXT5A3SShBnFuKmpDL7d7A-67e5&usp=drive_copy"
1010346_Mehendi,"https://drive.google.com/open?id=1EJYX_Mv8fPRFe_O7z2ko79ZreD5xR2oe&usp=drive_copy, https://drive.google.com/open?id=10u17qvhHeBjWlskd8LGybsb4sj7hKXKj&usp=drive_copy, https://drive.google.com/open?id=11wIElPugwBipy5XYzAGsMedOwklvF4qv&usp=drive_copy, https://drive.google.com/open?id=1SivIPkPYsMtXPP8f0__q-JLHvg5I3gHH&usp=drive_copy"
1010345_Pink,"https://drive.google.com/open?id=1_7RLO6PL9Fs53i4LT-aQamjRoEFyubC8&usp=drive_copy, https://drive.google.com/open?id=1bcpCUgqltRjNaaCX4nvLJo94WefWM99-&usp=drive_copy, https://drive.google.com/open?id=1TNEZCoPOcpmy4HYezUlE9dhxbYmImj_q&usp=drive_copy, https://drive.google.com/open?id=1f2JAFq85V9m2g26ziXL4Uhvu6jg63vEm&usp=drive_copy, https://drive.google.com/open?id=16cQ2zElnRCcom-a3WGiNWBVZbSH8pxAw&usp=drive_copy"
1010344_Mehendi,"https://drive.google.com/open?id=1HFYHavMw3XAjdi__dP2A-bAAUQed7bGu&usp=drive_copy, https://drive.google.com/open?id=16_fO2RzR3-q1n9_rEStCdb8nbmdAa9mU&usp=drive_copy, https://drive.google.com/open?id=14CmK1GA2VE0agFPHJxNDC2vUvHnqvrfv&usp=drive_copy, https://drive.google.com/open?id=1U1OUyNEwfbb5ahiXnIzOjNL8YgE4uwDQ&usp=drive_copy, https://drive.google.com/open?id=12VaBert5PbLdDynB6vzXOY6DtpJURUnf&usp=drive_copy"
1010343_Purple,"https://drive.google.com/open?id=1nlStxfq2C95CtJ2JonZt2JrVQVyoKI9r&usp=drive_copy, https://drive.google.com/open?id=1gKGHdl3dL95zpxSwbAqajCfTNKHVSn1J&usp=drive_copy, https://drive.google.com/open?id=1suDXLyYTLLe1yQ9_phSSOrdMznAPbLa2&usp=drive_copy, https://drive.google.com/open?id=1uRGscZUMu95g_CBOVNNTJ-kJZmPCIH7G&usp=drive_copy, https://drive.google.com/open?id=1X0Bn9D_ZfHWCoEWpLLl9mq098RzTAoZ4&usp=drive_copy, https://drive.google.com/open?id=1c50jfKbq6O-F1eotSi5PparfHHLo0NeW&usp=drive_copy"
1010340_Multiprint,"https://drive.google.com/open?id=17B22H7Wuc4lRDo40uqxIZ6arHayNSlLj&usp=drive_copy, https://drive.google.com/open?id=1yrudJBTdmrgnSLXtbasPu5plLUKBZ4fq&usp=drive_copy, https://drive.google.com/open?id=13Abw5kPqR5hvzvYCrJkc-kCvd8YEiZJ9&usp=drive_copy, https://drive.google.com/open?id=1FkUZS6HhFk_F9PC7NNcWwB_FxCmerJ3f&usp=drive_copy, https://drive.google.com/open?id=1Qjb1TO-ptb5Eb-1OaPsqLL-KEAfxUP65&usp=drive_copy, https://drive.google.com/open?id=1wiNjGof3tGIzHVkYHFq9pJs5yygCGana&usp=drive_copy, https://drive.google.com/open?id=1fGgtTuiLxAlnVxrnVyGszpMp8a3rzSTn&usp=drive_copy"
1010339_White,"https://drive.google.com/open?id=1E8wN7Nf0hzXvbKoJhr-QIUk6k_b1Byns&usp=drive_copy, https://drive.google.com/open?id=10-Q6E58nkg0rNKSvqSOW3iiTm-DPSKSZ&usp=drive_copy, https://drive.google.com/open?id=1Y_oh2LsiktUjyH5vPqqFoxgGXJtBDIhn&usp=drive_copy, https://drive.google.com/open?id=1vqjbsgSxGjzCIAcQ-yPW0prtctHH36US&usp=drive_copy, https://drive.google.com/open?id=1zHV80Xj5XWgoBRWR-BvdPIRjtQmzKaZk&usp=drive_copy, https://drive.google.com/open?id=1sSv0gYEOBK3jp6yVxnddWpFv8YKhnGso&usp=drive_copy"
1010338_Pink,"https://drive.google.com/open?id=1K2CI3u46_lfddjWsE8RwqNsj2hsAHU0Y&usp=drive_copy, https://drive.google.com/open?id=12nHihFOp_-XNWoQHNsCCGKGfFopv1ERM&usp=drive_copy, https://drive.google.com/open?id=1vfgbSh0aqCZh5dbEzbQIXaPFa_fQ7sRx&usp=drive_copy, https://drive.google.com/open?id=19GvDiaix-re-cM9GKD7nKCsuZ-F48nX_&usp=drive_copy, https://drive.google.com/open?id=1-GLaZHPuLYagCkfXvC2pg0Rkb0J__Umx&usp=drive_copy"
1010337_Beige,"https://drive.google.com/open?id=18ZqNPrnQ0Nz0O0O6_93ePgM5TL5jKUNP&usp=drive_copy, https://drive.google.com/open?id=1yqElDRFvCnpHlCRuK2mYqo8il9NLEB1P&usp=drive_copy, https://drive.google.com/open?id=1hmVv5-WYcI27Zzho3nq7Pb8bqfcJtLR3&usp=drive_copy, https://drive.google.com/open?id=1-fzZ4Rxb9pqw0YvgF8Vhq_oajrKUDiWa&usp=drive_copy, https://drive.google.com/open?id=1y_OXtWxRiwBUsouTKuoiP5MGsZfKyH90&usp=drive_copy, https://drive.google.com/open?id=1aXkS7dfCnr7xton9I4NAp9DmxCQl-xUl&usp=drive_copy"
1010336_Pista,"https://drive.google.com/open?id=1GcvkVt23oZpGb4_rUIxQ9LQQSSvEs0rE&usp=drive_copy, https://drive.google.com/open?id=1tTUvI0gU9ndkdlxLbsEg_7iy8wxiHJ43&usp=drive_copy, https://drive.google.com/open?id=1YBt5oXx3cS-CFNO78JtwLfHdT1EkRAqi&usp=drive_copy, https://drive.google.com/open?id=1YZuaJBpO4Ra7N7DNIss6huN4__dKBk9V&usp=drive_copy, https://drive.google.com/open?id=1ZWc7xI8q7gwLquvE8a7tmYJVuo44-a8W&usp=drive_copy, https://drive.google.com/open?id=1E5_-Ki4qVy2USoPzR0Jgpt7trV7dOfYv&usp=drive_copy, https://drive.google.com/open?id=1v0yU91R5Secwb1HdGG9YBTwXhZzaSwzP&usp=drive_copy"
1010335_2kali,"https://drive.google.com/open?id=17itTmGeSy6XaazDAw9wtcbvzLGxpoZGP&usp=drive_copy, https://drive.google.com/open?id=18CDq117d1NMt28jAkq_1dD0JzeV2lGSZ&usp=drive_copy, https://drive.google.com/open?id=1eZBSpNPQCpfn6i5ShP6l4uEkUXbkCZvy&usp=drive_copy, https://drive.google.com/open?id=1Z0qrQOR76DfMXpsp89D8tywN0t0I6PE6&usp=drive_copy, https://drive.google.com/open?id=1HtpWj7bvMCYHfE_3YIZJGTR_6KfsifAP&usp=drive_copy"
1010334_Pink,"https://drive.google.com/open?id=1rdNzeYtUa_q6aCuTyR1HAsj2GbiJ75Ck&usp=drive_copy, https://drive.google.com/open?id=18CG21Do_Ef5zsXvwFP-Y4KW0A-C3qb5R&usp=drive_copy, https://drive.google.com/open?id=1_FODVMzJ1ukwBbJZWAZkjSUb2dbNLImR&usp=drive_copy, https://drive.google.com/open?id=1NHfkc6cSD3dV2O78lawYy6NbQCt9KRQi&usp=drive_copy, https://drive.google.com/open?id=1EB8iHdmGyrEN9FhxVL9zH1-LNZi5Npth&usp=drive_copy, https://drive.google.com/open?id=1J1zuZw1BHFEYzIZ66P7Y6Z3TBZOjTtBG&usp=drive_copy, https://drive.google.com/open?id=1ZqcjFf6okIiMvArr9z8AITQ1-OePhSYW&usp=drive_copy"
1010333_Rama,"https://drive.google.com/open?id=1lu5BMAZEisBNSwwnmOQJaY-ovpLTuhz1&usp=drive_copy, https://drive.google.com/open?id=1_qiSPPVMKAwiaU7S9urggFQkdVMIex4g&usp=drive_copy, https://drive.google.com/open?id=1mMNAgIfUuGHaEl2_Y5RqbzscquSxOJhf&usp=drive_copy, https://drive.google.com/open?id=1f7nEROvoq7qjvSqNiJbBRhjGLrOof5Jy&usp=drive_copy, https://drive.google.com/open?id=183jAwkjfBPdcAuBrGWqwagQ3zUx8LtwM&usp=drive_copy, https://drive.google.com/open?id=1xMFT6xMCIzRia-rBY21dg0BT5A2jzhdK&usp=drive_copy"
1010332_Red,"https://drive.google.com/open?id=15m_JqplGwMnjUx5pFK3Vm-_Vy_wnSZ7v&usp=drive_copy, https://drive.google.com/open?id=1BpeZPCRCTEF3jb7uFS7ZfwsFK4Ek1huQ&usp=drive_copy, https://drive.google.com/open?id=12LBbjxhdLQWaXlNWhq-7LsRZhQ-SHR6H&usp=drive_copy, https://drive.google.com/open?id=1-AGsqZnoH8OkmSTz65kz5ZdV-OGlTYQM&usp=drive_copy, https://drive.google.com/open?id=1uy1ysqWyxriX5iM-Y9TIj8Anj9XcgfD8&usp=drive_copy"
